,pianist_id,segment_id,snippet_id,quadrant
0,1,27,0,1.0
1,1,27,1,4.0
2,1,27,2,1.0
3,1,27,3,1.0
4,1,28,0,1.0
5,1,28,1,4.0
6,1,28,2,1.0
7,1,28,3,1.0
8,1,28,4,1.0
9,1,29,0,1.0
10,1,29,1,4.0
11,1,29,2,2.0
12,1,29,3,1.0
13,1,29,4,1.0
14,1,30,0,1.0
15,1,30,1,1.0
16,1,30,2,1.0
17,1,30,3,1.0
18,1,31,0,2.0
19,1,31,1,2.0
20,1,31,2,2.0
21,1,31,3,2.0
22,1,31,4,2.0
23,1,32,0,2.0
24,1,32,1,2.0
25,1,32,2,2.0
26,1,33,0,1.0
27,1,33,1,4.0
28,1,33,2,2.0
29,1,33,3,3.0
30,1,33,4,3.0
31,1,33,5,3.0
32,1,33,6,3.0
33,1,34,0,1.0
34,1,34,1,1.0
35,1,34,2,1.0
36,1,35,0,1.0
37,1,35,1,1.0
38,1,35,2,3.0
39,1,35,3,3.0
40,1,35,4,3.0
41,1,36,0,3.0
42,1,36,1,4.0
43,1,36,2,3.0
44,1,37,0,1.0
45,1,37,1,1.0
46,1,37,2,1.0
47,1,37,3,1.0
48,1,37,4,4.0
49,1,37,5,1.0
50,1,38,0,4.0
51,1,38,1,1.0
52,1,38,2,4.0
53,1,38,3,1.0
54,1,38,4,2.0
55,1,39,0,1.0
56,1,39,1,3.0
57,1,39,2,3.0
58,1,39,3,2.0
59,1,39,4,3.0
60,1,40,0,1.0
61,1,40,1,4.0
62,1,40,2,3.0
63,1,40,3,3.0
64,1,40,4,3.0
65,1,41,0,3.0
66,1,41,1,3.0
67,1,41,2,2.0
68,1,41,3,2.0
69,1,41,4,2.0
70,1,41,5,2.0
71,1,42,0,3.0
72,1,42,1,3.0
73,1,42,2,3.0
74,1,42,3,3.0
75,1,42,4,3.0
76,1,42,5,3.0
77,1,43,0,3.0
78,1,43,1,3.0
79,1,43,2,3.0
80,1,43,3,3.0
81,1,43,4,3.0
82,1,43,5,3.0
83,1,44,0,4.0
84,1,44,1,4.0
85,1,44,2,3.0
86,1,44,3,3.0
87,1,44,4,4.0
88,1,44,5,4.0
89,1,44,6,3.0
90,1,44,7,4.0
91,1,44,8,3.0
92,1,44,9,4.0
93,1,44,10,4.0
94,1,45,0,2.0
95,1,45,1,2.0
96,1,45,2,2.0
97,1,45,3,3.0
98,1,46,0,2.0
99,1,46,1,1.0
100,1,46,2,1.0
101,1,46,3,2.0
102,1,46,4,2.0
103,1,47,0,2.0
104,1,47,1,2.0
105,1,47,2,3.0
106,1,48,0,4.0
107,1,48,1,4.0
108,1,48,2,4.0
109,1,48,3,4.0
110,1,48,4,4.0
111,1,49,0,1.0
112,1,49,1,1.0
113,1,49,2,1.0
114,1,49,3,4.0
115,1,49,4,1.0
116,1,49,5,1.0
117,1,50,0,1.0
118,1,50,1,4.0
119,1,50,2,2.0
120,1,50,3,1.0
121,1,50,4,1.0
122,1,51,0,4.0
123,1,51,1,4.0
124,1,51,2,1.0
125,1,51,3,1.0
126,1,52,0,1.0
127,1,52,1,1.0
128,1,52,2,1.0
129,1,52,3,1.0
130,1,53,0,1.0
131,1,53,1,3.0
132,1,53,2,2.0
133,1,53,3,2.0
134,1,53,4,1.0
135,1,54,0,2.0
136,1,54,1,2.0
137,1,54,2,2.0
138,1,55,0,4.0
139,1,55,1,1.0
140,1,55,2,3.0
141,1,55,3,4.0
142,1,55,4,1.0
143,1,55,5,1.0
144,1,55,6,3.0
145,1,55,7,2.0
146,1,56,0,2.0
147,1,56,1,2.0
148,1,56,2,2.0
149,1,56,3,2.0
150,1,56,4,1.0
151,1,56,5,2.0
152,1,57,0,1.0
153,1,57,1,2.0
154,1,57,2,2.0
155,1,57,3,2.0
156,1,58,0,2.0
157,1,58,1,2.0
158,1,58,2,2.0
159,1,59,0,1.0
160,1,59,1,1.0
161,1,59,2,4.0
162,1,59,3,4.0
163,1,59,4,1.0
164,1,59,5,1.0
165,1,59,6,3.0
166,1,59,7,4.0
167,1,59,8,2.0
168,1,59,9,2.0
169,1,60,0,3.0
170,1,60,1,2.0
171,1,60,2,2.0
172,1,60,3,2.0
173,1,60,4,2.0
174,1,61,0,2.0
175,1,61,1,2.0
176,1,61,2,1.0
177,1,61,3,2.0
178,2,27,0,1.0
179,2,27,1,3.0
180,2,27,2,1.0
181,2,27,3,2.0
182,2,27,4,4.0
183,2,28,0,1.0
184,2,28,1,1.0
185,2,28,2,4.0
186,2,28,3,1.0
187,2,28,4,1.0
188,2,29,0,2.0
189,2,29,1,2.0
190,2,29,2,1.0
191,2,29,3,1.0
192,2,29,4,1.0
193,2,30,0,1.0
194,2,30,1,1.0
195,2,30,2,2.0
196,2,30,3,1.0
197,2,31,0,1.0
198,2,31,1,1.0
199,2,31,2,1.0
200,2,31,3,1.0
201,2,31,4,4.0
202,2,32,0,2.0
203,2,32,1,1.0
204,2,32,2,1.0
205,2,33,0,1.0
206,2,33,1,1.0
207,2,33,2,4.0
208,2,33,3,2.0
209,2,33,4,1.0
210,2,33,5,2.0
211,2,33,6,1.0
212,2,34,0,1.0
213,2,34,1,1.0
214,2,34,2,4.0
215,2,35,0,1.0
216,2,35,1,1.0
217,2,35,2,3.0
218,2,35,3,3.0
219,2,35,4,3.0
220,2,36,0,3.0
221,2,36,1,3.0
222,2,36,2,4.0
223,2,36,3,3.0
224,2,37,0,1.0
225,2,37,1,1.0
226,2,37,2,3.0
227,2,37,3,1.0
228,2,37,4,4.0
229,2,37,5,4.0
230,2,38,0,1.0
231,2,38,1,1.0
232,2,38,2,4.0
233,2,38,3,4.0
234,2,38,4,3.0
235,2,39,0,4.0
236,2,39,1,2.0
237,2,39,2,3.0
238,2,39,3,3.0
239,2,39,4,3.0
240,2,39,5,2.0
241,2,40,0,1.0
242,2,40,1,1.0
243,2,40,2,1.0
244,2,40,3,3.0
245,2,40,4,3.0
246,2,40,5,3.0
247,2,41,0,4.0
248,2,41,1,1.0
249,2,41,2,4.0
250,2,41,3,2.0
251,2,41,4,2.0
252,2,41,5,2.0
253,2,41,6,1.0
254,2,42,0,3.0
255,2,42,1,1.0
256,2,42,2,3.0
257,2,42,3,1.0
258,2,42,4,4.0
259,2,42,5,2.0
260,2,42,6,3.0
261,2,43,0,3.0
262,2,43,1,3.0
263,2,43,2,3.0
264,2,43,3,3.0
265,2,43,4,2.0
266,2,43,5,3.0
267,2,44,0,4.0
268,2,44,1,4.0
269,2,44,2,4.0
270,2,44,3,4.0
271,2,44,4,4.0
272,2,44,5,3.0
273,2,44,6,4.0
274,2,44,7,3.0
275,2,44,8,4.0
276,2,45,0,3.0
277,2,45,1,3.0
278,2,45,2,1.0
279,2,45,3,2.0
280,2,46,0,3.0
281,2,46,1,1.0
282,2,46,2,2.0
283,2,46,3,3.0
284,2,46,4,3.0
285,2,46,5,3.0
286,2,47,0,4.0
287,2,47,1,2.0
288,2,47,2,1.0
289,2,47,3,3.0
290,2,48,0,4.0
291,2,48,1,4.0
292,2,48,2,4.0
293,2,48,3,3.0
294,2,48,4,3.0
295,2,49,0,3.0
296,2,49,1,4.0
297,2,49,2,1.0
298,2,49,3,1.0
299,2,49,4,1.0
300,2,49,5,1.0
301,2,50,0,1.0
302,2,50,1,4.0
303,2,50,2,1.0
304,2,50,3,4.0
305,2,50,4,1.0
306,2,50,5,1.0
307,2,51,0,1.0
308,2,51,1,1.0
309,2,51,2,4.0
310,2,51,3,1.0
311,2,52,0,1.0
312,2,52,1,1.0
313,2,52,2,1.0
314,2,52,3,1.0
315,2,52,4,1.0
316,2,53,0,2.0
317,2,53,1,2.0
318,2,53,2,1.0
319,2,53,3,2.0
320,2,53,4,2.0
321,2,54,0,1.0
322,2,54,1,2.0
323,2,54,2,2.0
324,2,55,0,1.0
325,2,55,1,1.0
326,2,55,2,1.0
327,2,55,3,4.0
328,2,55,4,4.0
329,2,55,5,1.0
330,2,55,6,2.0
331,2,56,0,2.0
332,2,56,1,2.0
333,2,56,2,2.0
334,2,56,3,2.0
335,2,56,4,2.0
336,2,56,5,2.0
337,2,57,0,2.0
338,2,57,1,2.0
339,2,57,2,2.0
340,2,57,3,2.0
341,2,58,0,3.0
342,2,58,1,2.0
343,2,58,2,2.0
344,2,59,0,2.0
345,2,59,1,1.0
346,2,59,2,1.0
347,2,59,3,1.0
348,2,59,4,2.0
349,2,59,5,1.0
350,2,59,6,3.0
351,2,59,7,3.0
352,2,59,8,2.0
353,2,59,9,2.0
354,2,60,0,2.0
355,2,60,1,1.0
356,2,60,2,4.0
357,2,60,3,4.0
358,2,60,4,1.0
359,2,61,0,1.0
360,2,61,1,1.0
361,2,61,2,1.0
362,2,61,3,1.0
363,3,27,0,4.0
364,3,27,1,1.0
365,3,27,2,1.0
366,3,27,3,1.0
367,3,27,4,1.0
368,3,27,5,1.0
369,3,28,0,4.0
370,3,28,1,1.0
371,3,28,2,3.0
372,3,28,3,4.0
373,3,28,4,1.0
374,3,28,5,4.0
375,3,29,0,1.0
376,3,29,1,1.0
377,3,29,2,4.0
378,3,29,3,1.0
379,3,29,4,1.0
380,3,29,5,1.0
381,3,30,0,1.0
382,3,30,1,1.0
383,3,30,2,1.0
384,3,30,3,1.0
385,3,30,4,1.0
386,3,31,0,1.0
387,3,31,1,1.0
388,3,31,2,1.0
389,3,31,3,4.0
390,3,31,4,1.0
391,3,31,5,1.0
392,3,32,0,1.0
393,3,32,1,1.0
394,3,32,2,1.0
395,3,32,3,3.0
396,3,33,0,4.0
397,3,33,1,1.0
398,3,33,2,3.0
399,3,33,3,1.0
400,3,33,4,4.0
401,3,33,5,1.0
402,3,33,6,3.0
403,3,33,7,2.0
404,3,34,0,1.0
405,3,34,1,1.0
406,3,34,2,1.0
407,3,35,0,4.0
408,3,35,1,1.0
409,3,35,2,3.0
410,3,35,3,3.0
411,3,35,4,3.0
412,3,36,0,3.0
413,3,36,1,3.0
414,3,36,2,4.0
415,3,36,3,3.0
416,3,37,0,1.0
417,3,37,1,4.0
418,3,37,2,3.0
419,3,37,3,3.0
420,3,37,4,1.0
421,3,37,5,4.0
422,3,37,6,1.0
423,3,38,0,1.0
424,3,38,1,1.0
425,3,38,2,1.0
426,3,38,3,1.0
427,3,38,4,4.0
428,3,38,5,2.0
429,3,39,0,4.0
430,3,39,1,3.0
431,3,39,2,3.0
432,3,39,3,3.0
433,3,39,4,3.0
434,3,39,5,3.0
435,3,39,6,3.0
436,3,40,0,1.0
437,3,40,1,1.0
438,3,40,2,1.0
439,3,40,3,3.0
440,3,40,4,3.0
441,3,40,5,3.0
442,3,41,0,3.0
443,3,41,1,4.0
444,3,41,2,4.0
445,3,41,3,3.0
446,3,41,4,3.0
447,3,41,5,3.0
448,3,41,6,3.0
449,3,41,7,3.0
450,3,41,8,3.0
451,3,41,9,3.0
452,3,42,0,3.0
453,3,42,1,1.0
454,3,42,2,1.0
455,3,42,3,3.0
456,3,42,4,3.0
457,3,42,5,3.0
458,3,42,6,3.0
459,3,43,0,3.0
460,3,43,1,3.0
461,3,43,2,3.0
462,3,43,3,3.0
463,3,43,4,3.0
464,3,43,5,3.0
465,3,44,0,4.0
466,3,44,1,4.0
467,3,44,2,3.0
468,3,44,3,3.0
469,3,44,4,4.0
470,3,44,5,4.0
471,3,44,6,4.0
472,3,44,7,3.0
473,3,44,8,4.0
474,3,44,9,4.0
475,3,45,0,3.0
476,3,45,1,1.0
477,3,45,2,2.0
478,3,45,3,2.0
479,3,45,4,4.0
480,3,46,0,3.0
481,3,46,1,3.0
482,3,46,2,3.0
483,3,46,3,3.0
484,3,46,4,3.0
485,3,46,5,3.0
486,3,46,6,1.0
487,3,47,0,3.0
488,3,47,1,2.0
489,3,47,2,3.0
490,3,47,3,2.0
491,3,48,0,3.0
492,3,48,1,3.0
493,3,48,2,4.0
494,3,48,3,3.0
495,3,48,4,3.0
496,3,48,5,3.0
497,3,49,0,3.0
498,3,49,1,4.0
499,3,49,2,1.0
500,3,49,3,1.0
501,3,49,4,1.0
502,3,49,5,1.0
503,3,50,0,4.0
504,3,50,1,4.0
505,3,50,2,1.0
506,3,50,3,4.0
507,3,50,4,1.0
508,3,50,5,1.0
509,3,51,0,4.0
510,3,51,1,1.0
511,3,51,2,1.0
512,3,51,3,1.0
513,3,52,0,1.0
514,3,52,1,1.0
515,3,52,2,1.0
516,3,52,3,1.0
517,3,52,4,1.0
518,3,53,0,1.0
519,3,53,1,1.0
520,3,53,2,2.0
521,3,53,3,1.0
522,3,53,4,1.0
523,3,53,5,1.0
524,3,53,6,1.0
525,3,54,0,2.0
526,3,54,1,2.0
527,3,54,2,2.0
528,3,54,3,1.0
529,3,55,0,1.0
530,3,55,1,1.0
531,3,55,2,1.0
532,3,55,3,1.0
533,3,55,4,1.0
534,3,55,5,3.0
535,3,55,6,1.0
536,3,55,7,1.0
537,3,56,0,2.0
538,3,56,1,2.0
539,3,56,2,2.0
540,3,56,3,2.0
541,3,56,4,2.0
542,3,56,5,2.0
543,3,56,6,2.0
544,3,57,0,4.0
545,3,57,1,3.0
546,3,57,2,2.0
547,3,57,3,2.0
548,3,58,0,3.0
549,3,58,1,2.0
550,3,58,2,2.0
551,3,59,0,2.0
552,3,59,1,3.0
553,3,59,2,4.0
554,3,59,3,1.0
555,3,59,4,3.0
556,3,59,5,1.0
557,3,59,6,2.0
558,3,59,7,3.0
559,3,59,8,2.0
560,3,59,9,1.0
561,3,60,0,3.0
562,3,60,1,3.0
563,3,60,2,3.0
564,3,60,3,2.0
565,3,60,4,3.0
566,3,60,5,1.0
567,3,61,0,2.0
568,3,61,1,1.0
569,3,61,2,1.0
570,3,61,3,1.0
571,3,61,4,1.0
572,4,27,0,1.0
573,4,27,1,1.0
574,4,27,2,4.0
575,4,27,3,4.0
576,4,27,4,1.0
577,4,27,5,1.0
578,4,28,0,1.0
579,4,28,1,1.0
580,4,28,2,4.0
581,4,28,3,1.0
582,4,28,4,1.0
583,4,28,5,1.0
584,4,28,6,1.0
585,4,29,0,3.0
586,4,29,1,1.0
587,4,29,2,1.0
588,4,29,3,1.0
589,4,29,4,1.0
590,4,29,5,1.0
591,4,30,0,1.0
592,4,30,1,1.0
593,4,30,2,1.0
594,4,30,3,4.0
595,4,30,4,2.0
596,4,31,0,1.0
597,4,31,1,1.0
598,4,31,2,1.0
599,4,31,3,2.0
600,4,31,4,2.0
601,4,32,0,3.0
602,4,32,1,1.0
603,4,32,2,1.0
604,4,32,3,1.0
605,4,33,0,1.0
606,4,33,1,1.0
607,4,33,2,4.0
608,4,33,3,3.0
609,4,33,4,4.0
610,4,33,5,2.0
611,4,33,6,3.0
612,4,34,0,1.0
613,4,34,1,1.0
614,4,34,2,4.0
615,4,35,0,1.0
616,4,35,1,4.0
617,4,35,2,3.0
618,4,35,3,3.0
619,4,35,4,3.0
620,4,36,0,3.0
621,4,36,1,3.0
622,4,36,2,3.0
623,4,36,3,3.0
624,4,37,0,1.0
625,4,37,1,1.0
626,4,37,2,1.0
627,4,37,3,4.0
628,4,37,4,1.0
629,4,37,5,1.0
630,4,37,6,4.0
631,4,38,0,4.0
632,4,38,1,4.0
633,4,38,2,1.0
634,4,38,3,4.0
635,4,38,4,4.0
636,4,38,5,4.0
637,4,39,0,1.0
638,4,39,1,4.0
639,4,39,2,3.0
640,4,39,3,3.0
641,4,39,4,3.0
642,4,39,5,3.0
643,4,40,0,1.0
644,4,40,1,4.0
645,4,40,2,1.0
646,4,40,3,3.0
647,4,40,4,3.0
648,4,40,5,3.0
649,4,40,6,3.0
650,4,41,0,4.0
651,4,41,1,4.0
652,4,41,2,3.0
653,4,41,3,3.0
654,4,41,4,3.0
655,4,41,5,1.0
656,4,41,6,3.0
657,4,41,7,3.0
658,4,42,0,3.0
659,4,42,1,3.0
660,4,42,2,1.0
661,4,42,3,3.0
662,4,42,4,3.0
663,4,42,5,3.0
664,4,42,6,3.0
665,4,42,7,3.0
666,4,43,0,4.0
667,4,43,1,3.0
668,4,43,2,3.0
669,4,43,3,3.0
670,4,43,4,3.0
671,4,43,5,3.0
672,4,43,6,3.0
673,4,44,0,4.0
674,4,44,1,4.0
675,4,44,2,4.0
676,4,44,3,4.0
677,4,44,4,4.0
678,4,44,5,4.0
679,4,44,6,4.0
680,4,44,7,3.0
681,4,44,8,4.0
682,4,45,0,2.0
683,4,45,1,2.0
684,4,45,2,2.0
685,4,45,3,3.0
686,4,45,4,3.0
687,4,46,0,1.0
688,4,46,1,3.0
689,4,46,2,1.0
690,4,46,3,1.0
691,4,46,4,3.0
692,4,46,5,3.0
693,4,46,6,3.0
694,4,47,0,3.0
695,4,47,1,1.0
696,4,47,2,4.0
697,4,47,3,1.0
698,4,47,4,4.0
699,4,48,0,3.0
700,4,48,1,3.0
701,4,48,2,4.0
702,4,48,3,3.0
703,4,48,4,4.0
704,4,49,0,3.0
705,4,49,1,4.0
706,4,49,2,1.0
707,4,49,3,4.0
708,4,49,4,1.0
709,4,49,5,1.0
710,4,50,0,1.0
711,4,50,1,1.0
712,4,50,2,1.0
713,4,50,3,1.0
714,4,50,4,1.0
715,4,50,5,1.0
716,4,51,0,1.0
717,4,51,1,4.0
718,4,51,2,1.0
719,4,51,3,1.0
720,4,51,4,1.0
721,4,52,0,1.0
722,4,52,1,1.0
723,4,52,2,1.0
724,4,52,3,1.0
725,4,52,4,4.0
726,4,53,0,4.0
727,4,53,1,1.0
728,4,53,2,1.0
729,4,53,3,4.0
730,4,53,4,3.0
731,4,53,5,1.0
732,4,53,6,1.0
733,4,54,0,2.0
734,4,54,1,1.0
735,4,54,2,1.0
736,4,54,3,1.0
737,4,55,0,1.0
738,4,55,1,1.0
739,4,55,2,1.0
740,4,55,3,1.0
741,4,55,4,1.0
742,4,55,5,4.0
743,4,55,6,4.0
744,4,55,7,3.0
745,4,55,8,1.0
746,4,56,0,2.0
747,4,56,1,2.0
748,4,56,2,2.0
749,4,56,3,2.0
750,4,56,4,3.0
751,4,56,5,2.0
752,4,56,6,2.0
753,4,56,7,2.0
754,4,57,0,3.0
755,4,57,1,1.0
756,4,57,2,1.0
757,4,57,3,1.0
758,4,57,4,2.0
759,4,58,0,1.0
760,4,58,1,2.0
761,4,58,2,2.0
762,4,59,0,2.0
763,4,59,1,3.0
764,4,59,2,3.0
765,4,59,3,1.0
766,4,59,4,3.0
767,4,59,5,2.0
768,4,59,6,3.0
769,4,59,7,3.0
770,4,59,8,3.0
771,4,59,9,1.0
772,4,59,10,4.0
773,4,59,11,2.0
774,4,60,0,3.0
775,4,60,1,3.0
776,4,60,2,1.0
777,4,60,3,1.0
778,4,60,4,1.0
779,4,60,5,1.0
780,4,61,0,1.0
781,4,61,1,1.0
782,4,61,2,1.0
783,4,61,3,1.0
784,4,61,4,1.0
785,5,27,0,1.0
786,5,27,1,1.0
787,5,27,2,1.0
788,5,27,3,1.0
789,5,27,4,4.0
790,5,28,0,1.0
791,5,28,1,1.0
792,5,28,2,4.0
793,5,28,3,4.0
794,5,28,4,1.0
795,5,29,0,2.0
796,5,29,1,1.0
797,5,29,2,1.0
798,5,29,3,1.0
799,5,29,4,1.0
800,5,30,0,1.0
801,5,30,1,1.0
802,5,30,2,1.0
803,5,30,3,1.0
804,5,31,0,1.0
805,5,31,1,4.0
806,5,31,2,2.0
807,5,31,3,2.0
808,5,31,4,2.0
809,5,32,0,2.0
810,5,32,1,3.0
811,5,32,2,2.0
812,5,33,0,1.0
813,5,33,1,1.0
814,5,33,2,1.0
815,5,33,3,1.0
816,5,33,4,4.0
817,5,33,5,1.0
818,5,33,6,1.0
819,5,34,0,1.0
820,5,34,1,1.0
821,5,34,2,1.0
822,5,35,0,1.0
823,5,35,1,1.0
824,5,35,2,3.0
825,5,35,3,1.0
826,5,35,4,1.0
827,5,36,0,1.0
828,5,36,1,3.0
829,5,36,2,3.0
830,5,37,0,1.0
831,5,37,1,1.0
832,5,37,2,3.0
833,5,37,3,3.0
834,5,37,4,3.0
835,5,37,5,3.0
836,5,38,0,2.0
837,5,38,1,3.0
838,5,38,2,1.0
839,5,38,3,1.0
840,5,38,4,4.0
841,5,39,0,3.0
842,5,39,1,3.0
843,5,39,2,3.0
844,5,39,3,3.0
845,5,39,4,3.0
846,5,39,5,3.0
847,5,40,0,1.0
848,5,40,1,1.0
849,5,40,2,1.0
850,5,40,3,2.0
851,5,40,4,1.0
852,5,43,0,1.0
853,5,43,1,3.0
854,5,43,2,3.0
855,5,43,3,3.0
856,5,43,4,3.0
857,5,43,5,3.0
858,5,43,6,3.0
859,5,44,0,4.0
860,5,44,1,3.0
861,5,44,2,4.0
862,5,44,3,3.0
863,5,44,4,3.0
864,5,44,5,3.0
865,5,44,6,3.0
866,5,44,7,3.0
867,5,44,8,4.0
868,5,45,0,3.0
869,5,45,1,2.0
870,5,45,2,2.0
871,5,45,3,3.0
872,5,46,0,4.0
873,5,46,1,1.0
874,5,46,2,1.0
875,5,46,3,3.0
876,5,46,4,3.0
877,5,46,5,3.0
878,5,47,0,3.0
879,5,47,1,3.0
880,5,47,2,2.0
881,5,47,3,3.0
882,5,48,0,3.0
883,5,48,1,4.0
884,5,48,2,4.0
885,5,48,3,3.0
886,5,48,4,4.0
887,5,48,5,3.0
888,5,48,6,1.0
889,5,49,0,1.0
890,5,49,1,1.0
891,5,49,2,1.0
892,5,49,3,1.0
893,5,49,4,1.0
894,5,49,5,1.0
895,5,50,0,1.0
896,5,50,1,1.0
897,5,50,2,4.0
898,5,50,3,1.0
899,5,50,4,1.0
900,5,50,5,1.0
901,5,51,0,1.0
902,5,51,1,4.0
903,5,51,2,2.0
904,5,51,3,1.0
905,5,52,0,1.0
906,5,52,1,1.0
907,5,52,2,1.0
908,5,52,3,1.0
909,5,53,0,1.0
910,5,53,1,4.0
911,5,53,2,2.0
912,5,53,3,2.0
913,5,53,4,2.0
914,5,53,5,2.0
915,5,54,0,2.0
916,5,54,1,1.0
917,5,54,2,2.0
918,5,55,0,4.0
919,5,55,1,2.0
920,5,55,2,3.0
921,5,55,3,1.0
922,5,55,4,1.0
923,5,55,5,1.0
924,5,55,6,1.0
925,5,55,7,1.0
926,5,56,0,2.0
927,5,56,1,2.0
928,5,56,2,1.0
929,5,56,3,2.0
930,5,56,4,2.0
931,5,56,5,2.0
932,5,56,6,2.0
933,5,57,0,4.0
934,5,57,1,4.0
935,5,57,2,2.0
936,5,57,3,2.0
937,5,58,0,3.0
938,5,58,1,2.0
939,5,58,2,2.0
940,5,58,3,2.0
941,5,59,0,1.0
942,5,59,1,3.0
943,5,59,2,1.0
944,5,59,3,1.0
945,5,59,4,4.0
946,5,59,5,4.0
947,5,59,6,4.0
948,5,59,7,3.0
949,5,59,8,1.0
950,5,59,9,1.0
951,5,59,10,3.0
952,5,60,0,3.0
953,5,60,1,2.0
954,5,60,2,1.0
955,5,60,3,1.0
956,5,60,4,1.0
957,5,61,0,1.0
958,5,61,1,1.0
959,5,61,2,1.0
960,5,61,3,1.0
961,6,27,0,1.0
962,6,27,1,1.0
963,6,27,2,1.0
964,6,27,3,1.0
965,6,27,4,1.0
966,6,28,0,1.0
967,6,28,1,1.0
968,6,28,2,1.0
969,6,28,3,4.0
970,6,28,4,1.0
971,6,29,0,1.0
972,6,29,1,1.0
973,6,29,2,1.0
974,6,29,3,1.0
975,6,29,4,1.0
976,6,30,0,1.0
977,6,30,1,1.0
978,6,30,2,1.0
979,6,30,3,4.0
980,6,31,0,3.0
981,6,31,1,2.0
982,6,31,2,2.0
983,6,31,3,2.0
984,6,31,4,2.0
985,6,32,0,2.0
986,6,32,1,1.0
987,6,32,2,2.0
988,6,33,0,3.0
989,6,33,1,4.0
990,6,33,2,1.0
991,6,33,3,1.0
992,6,33,4,1.0
993,6,33,5,4.0
994,6,33,6,3.0
995,6,33,7,3.0
996,6,34,0,1.0
997,6,34,1,4.0
998,6,34,2,4.0
999,6,35,0,1.0
1000,6,35,1,1.0
1001,6,35,2,3.0
1002,6,35,3,3.0
1003,6,35,4,3.0
1004,6,36,0,3.0
1005,6,36,1,4.0
1006,6,36,2,3.0
1007,6,36,3,3.0
1008,6,37,0,4.0
1009,6,37,1,4.0
1010,6,37,2,1.0
1011,6,37,3,4.0
1012,6,37,4,1.0
1013,6,37,5,4.0
1014,6,38,0,1.0
1015,6,38,1,1.0
1016,6,38,2,1.0
1017,6,38,3,1.0
1018,6,38,4,4.0
1019,6,38,5,4.0
1020,6,39,0,4.0
1021,6,39,1,3.0
1022,6,39,2,3.0
1023,6,39,3,3.0
1024,6,39,4,3.0
1025,6,39,5,3.0
1026,6,40,0,4.0
1027,6,40,1,4.0
1028,6,40,2,1.0
1029,6,40,3,4.0
1030,6,40,4,1.0
1031,6,41,0,3.0
1032,6,41,1,3.0
1033,6,41,2,1.0
1034,6,41,3,4.0
1035,6,41,4,2.0
1036,6,41,5,2.0
1037,6,41,6,1.0
1038,6,42,0,3.0
1039,6,42,1,3.0
1040,6,42,2,3.0
1041,6,42,3,3.0
1042,6,42,4,3.0
1043,6,42,5,3.0
1044,6,42,6,3.0
1045,6,43,0,4.0
1046,6,43,1,3.0
1047,6,43,2,3.0
1048,6,43,3,3.0
1049,6,43,4,3.0
1050,6,43,5,3.0
1051,6,44,0,3.0
1052,6,44,1,4.0
1053,6,44,2,3.0
1054,6,44,3,3.0
1055,6,44,4,4.0
1056,6,44,5,3.0
1057,6,44,6,4.0
1058,6,44,7,4.0
1059,6,44,8,4.0
1060,6,44,9,3.0
1061,6,44,10,4.0
1062,6,45,0,4.0
1063,6,45,1,2.0
1064,6,45,2,2.0
1065,6,45,3,2.0
1066,6,45,4,2.0
1067,6,46,0,3.0
1068,6,46,1,1.0
1069,6,46,2,1.0
1070,6,46,3,3.0
1071,6,46,4,3.0
1072,6,46,5,2.0
1073,6,47,0,1.0
1074,6,47,1,1.0
1075,6,47,2,4.0
1076,6,47,3,1.0
1077,6,48,0,3.0
1078,6,48,1,3.0
1079,6,48,2,3.0
1080,6,48,3,3.0
1081,6,48,4,3.0
1082,6,49,0,1.0
1083,6,49,1,4.0
1084,6,49,2,1.0
1085,6,49,3,1.0
1086,6,49,4,1.0
1087,6,49,5,1.0
1088,6,50,0,1.0
1089,6,50,1,1.0
1090,6,50,2,4.0
1091,6,50,3,1.0
1092,6,50,4,1.0
1093,6,50,5,1.0
1094,6,51,0,1.0
1095,6,51,1,4.0
1096,6,51,2,1.0
1097,6,51,3,1.0
1098,6,52,0,1.0
1099,6,52,1,1.0
1100,6,52,2,1.0
1101,6,52,3,1.0
1102,6,52,4,1.0
1103,6,53,0,4.0
1104,6,53,1,2.0
1105,6,53,2,1.0
1106,6,53,3,1.0
1107,6,53,4,1.0
1108,6,53,5,1.0
1109,6,54,0,2.0
1110,6,54,1,2.0
1111,6,54,2,2.0
1112,6,55,0,4.0
1113,6,55,1,1.0
1114,6,55,2,1.0
1115,6,55,3,4.0
1116,6,55,4,4.0
1117,6,55,5,1.0
1118,6,55,6,4.0
1119,6,55,7,1.0
1120,6,56,0,2.0
1121,6,56,1,2.0
1122,6,56,2,2.0
1123,6,56,3,2.0
1124,6,56,4,2.0
1125,6,56,5,2.0
1126,6,56,6,4.0
1127,6,57,0,2.0
1128,6,57,1,2.0
1129,6,57,2,2.0
1130,6,57,3,2.0
1131,6,58,0,2.0
1132,6,58,1,2.0
1133,6,58,2,2.0
1134,6,59,0,1.0
1135,6,59,1,1.0
1136,6,59,2,4.0
1137,6,59,3,1.0
1138,6,59,4,1.0
1139,6,59,5,2.0
1140,6,59,6,3.0
1141,6,59,7,2.0
1142,6,59,8,3.0
1143,6,60,0,2.0
1144,6,60,1,1.0
1145,6,60,2,1.0
1146,6,60,3,1.0
1147,6,60,4,1.0
1148,6,61,0,2.0
1149,6,61,1,2.0
1150,6,61,2,1.0
1151,6,61,3,2.0
1152,7,27,0,1.0
1153,7,27,1,1.0
1154,7,27,2,1.0
1155,7,27,3,1.0
1156,7,27,4,1.0
1157,7,28,0,1.0
1158,7,28,1,1.0
1159,7,28,2,1.0
1160,7,28,3,1.0
1161,7,28,4,1.0
1162,7,29,0,1.0
1163,7,29,1,4.0
1164,7,29,2,1.0
1165,7,29,3,1.0
1166,7,30,0,1.0
1167,7,30,1,1.0
1168,7,30,2,1.0
1169,7,30,3,1.0
1170,7,31,0,1.0
1171,7,31,1,2.0
1172,7,31,2,2.0
1173,7,31,3,2.0
1174,7,31,4,2.0
1175,7,32,0,2.0
1176,7,32,1,1.0
1177,7,32,2,2.0
1178,7,33,0,1.0
1179,7,33,1,1.0
1180,7,33,2,1.0
1181,7,33,3,1.0
1182,7,33,4,1.0
1183,7,33,5,1.0
1184,7,33,6,1.0
1185,7,34,0,1.0
1186,7,34,1,1.0
1187,7,34,2,4.0
1188,7,35,0,1.0
1189,7,35,1,1.0
1190,7,35,2,3.0
1191,7,35,3,3.0
1192,7,36,0,1.0
1193,7,36,1,3.0
1194,7,36,2,3.0
1195,7,37,0,1.0
1196,7,37,1,4.0
1197,7,37,2,3.0
1198,7,37,3,4.0
1199,7,37,4,1.0
1200,7,37,5,1.0
1201,7,38,0,1.0
1202,7,38,1,1.0
1203,7,38,2,1.0
1204,7,38,3,4.0
1205,7,38,4,4.0
1206,7,39,0,1.0
1207,7,39,1,2.0
1208,7,39,2,3.0
1209,7,39,3,3.0
1210,7,39,4,3.0
1211,7,40,0,3.0
1212,7,40,1,1.0
1213,7,40,2,1.0
1214,7,40,3,3.0
1215,7,40,4,1.0
1216,7,40,5,1.0
1217,7,41,0,4.0
1218,7,41,1,3.0
1219,7,41,2,2.0
1220,7,41,3,3.0
1221,7,41,4,1.0
1222,7,41,5,1.0
1223,7,41,6,3.0
1224,7,41,7,3.0
1225,7,42,0,3.0
1226,7,42,1,3.0
1227,7,42,2,1.0
1228,7,42,3,3.0
1229,7,42,4,3.0
1230,7,42,5,3.0
1231,7,42,6,3.0
1232,7,42,7,3.0
1233,7,43,0,3.0
1234,7,43,1,1.0
1235,7,43,2,3.0
1236,7,43,3,3.0
1237,7,43,4,3.0
1238,7,43,5,3.0
1239,7,43,6,3.0
1240,7,44,0,4.0
1241,7,44,1,4.0
1242,7,44,2,3.0
1243,7,44,3,4.0
1244,7,44,4,4.0
1245,7,44,5,3.0
1246,7,44,6,4.0
1247,7,44,7,4.0
1248,7,44,8,3.0
1249,7,45,0,3.0
1250,7,45,1,2.0
1251,7,45,2,1.0
1252,7,45,3,2.0
1253,7,46,0,1.0
1254,7,46,1,1.0
1255,7,46,2,1.0
1256,7,46,3,3.0
1257,7,46,4,3.0
1258,7,46,5,3.0
1259,7,47,0,3.0
1260,7,47,1,2.0
1261,7,47,2,3.0
1262,7,47,3,3.0
1263,7,48,0,3.0
1264,7,48,1,3.0
1265,7,48,2,4.0
1266,7,48,3,4.0
1267,7,48,4,3.0
1268,7,49,0,1.0
1269,7,49,1,4.0
1270,7,49,2,1.0
1271,7,49,3,1.0
1272,7,49,4,1.0
1273,7,50,0,1.0
1274,7,50,1,4.0
1275,7,50,2,1.0
1276,7,50,3,1.0
1277,7,50,4,1.0
1278,7,51,0,4.0
1279,7,51,1,1.0
1280,7,51,2,1.0
1281,7,51,3,1.0
1282,7,52,0,1.0
1283,7,52,1,1.0
1284,7,52,2,4.0
1285,7,52,3,4.0
1286,7,53,0,1.0
1287,7,53,1,4.0
1288,7,53,2,1.0
1289,7,53,3,2.0
1290,7,53,4,1.0
1291,7,53,5,1.0
1292,7,54,0,2.0
1293,7,54,1,1.0
1294,7,54,2,2.0
1295,7,55,0,4.0
1296,7,55,1,1.0
1297,7,55,2,1.0
1298,7,55,3,1.0
1299,7,55,4,3.0
1300,7,55,5,2.0
1301,7,55,6,1.0
1302,7,56,0,2.0
1303,7,56,1,2.0
1304,7,56,2,1.0
1305,7,56,3,1.0
1306,7,56,4,2.0
1307,7,56,5,2.0
1308,7,56,6,2.0
1309,7,57,0,4.0
1310,7,57,1,4.0
1311,7,57,2,2.0
1312,7,57,3,2.0
1313,7,58,0,2.0
1314,7,58,1,2.0
1315,7,58,2,2.0
1316,7,59,0,1.0
1317,7,59,1,1.0
1318,7,59,2,4.0
1319,7,59,3,1.0
1320,7,59,4,1.0
1321,7,59,5,1.0
1322,7,59,6,2.0
1323,7,59,7,2.0
1324,7,60,0,2.0
1325,7,60,1,2.0
1326,7,60,2,2.0
1327,7,60,3,2.0
1328,7,61,0,1.0
1329,7,61,1,1.0
1330,7,61,2,1.0
1331,7,61,3,1.0
1332,8,27,0,4.0
1333,8,27,1,4.0
1334,8,27,2,1.0
1335,8,27,3,1.0
1336,8,27,4,4.0
1337,8,28,0,1.0
1338,8,28,1,4.0
1339,8,28,2,3.0
1340,8,28,3,4.0
1341,8,28,4,1.0
1342,8,29,0,3.0
1343,8,29,1,4.0
1344,8,29,2,1.0
1345,8,29,3,1.0
1346,8,29,4,4.0
1347,8,30,0,1.0
1348,8,30,1,1.0
1349,8,30,2,1.0
1350,8,30,3,4.0
1351,8,31,0,1.0
1352,8,31,1,1.0
1353,8,31,2,2.0
1354,8,31,3,4.0
1355,8,31,4,2.0
1356,8,32,0,2.0
1357,8,32,1,2.0
1358,8,32,2,1.0
1359,8,33,0,2.0
1360,8,33,1,3.0
1361,8,33,2,2.0
1362,8,33,3,2.0
1363,8,33,4,1.0
1364,8,33,5,3.0
1365,8,33,6,4.0
1366,8,34,0,4.0
1367,8,34,1,1.0
1368,8,34,2,1.0
1369,8,35,0,1.0
1370,8,35,1,1.0
1371,8,35,2,2.0
1372,8,35,3,3.0
1373,8,36,0,1.0
1374,8,36,1,3.0
1375,8,36,2,3.0
1376,8,37,0,1.0
1377,8,37,1,4.0
1378,8,37,2,4.0
1379,8,37,3,3.0
1380,8,37,4,1.0
1381,8,37,5,2.0
1382,8,38,0,3.0
1383,8,38,1,4.0
1384,8,38,2,1.0
1385,8,38,3,4.0
1386,8,38,4,4.0
1387,8,39,0,4.0
1388,8,39,1,2.0
1389,8,39,2,3.0
1390,8,39,3,3.0
1391,8,39,4,3.0
1392,8,39,5,3.0
1393,8,40,0,4.0
1394,8,40,1,1.0
1395,8,40,2,2.0
1396,8,40,3,3.0
1397,8,40,4,3.0
1398,8,40,5,3.0
1399,8,41,0,3.0
1400,8,41,1,3.0
1401,8,41,2,3.0
1402,8,41,3,3.0
1403,8,41,4,2.0
1404,8,41,5,2.0
1405,8,41,6,2.0
1406,8,42,0,3.0
1407,8,42,1,2.0
1408,8,42,2,2.0
1409,8,42,3,2.0
1410,8,42,4,2.0
1411,8,42,5,2.0
1412,8,42,6,2.0
1413,8,42,7,3.0
1414,8,43,0,3.0
1415,8,43,1,3.0
1416,8,43,2,3.0
1417,8,43,3,3.0
1418,8,43,4,3.0
1419,8,43,5,3.0
1420,8,43,6,3.0
1421,8,44,0,3.0
1422,8,44,1,4.0
1423,8,44,2,4.0
1424,8,44,3,4.0
1425,8,44,4,3.0
1426,8,44,5,4.0
1427,8,44,6,4.0
1428,8,44,7,3.0
1429,8,44,8,4.0
1430,8,44,9,4.0
1431,8,45,0,3.0
1432,8,45,1,3.0
1433,8,45,2,2.0
1434,8,45,3,2.0
1435,8,45,4,3.0
1436,8,46,0,3.0
1437,8,46,1,3.0
1438,8,46,2,3.0
1439,8,46,3,3.0
1440,8,46,4,3.0
1441,8,46,5,3.0
1442,8,47,0,3.0
1443,8,47,1,2.0
1444,8,47,2,2.0
1445,8,47,3,3.0
1446,8,48,0,3.0
1447,8,48,1,3.0
1448,8,48,2,4.0
1449,8,48,3,3.0
1450,8,48,4,4.0
1451,8,49,0,3.0
1452,8,49,1,4.0
1453,8,49,2,4.0
1454,8,49,3,1.0
1455,8,49,4,1.0
1456,8,49,5,1.0
1457,8,50,0,1.0
1458,8,50,1,4.0
1459,8,50,2,1.0
1460,8,50,3,1.0
1461,8,50,4,4.0
1462,8,50,5,4.0
1463,8,51,0,4.0
1464,8,51,1,4.0
1465,8,51,2,1.0
1466,8,51,3,1.0
1467,8,52,0,1.0
1468,8,52,1,1.0
1469,8,52,2,1.0
1470,8,52,3,1.0
1471,8,53,0,1.0
1472,8,53,1,1.0
1473,8,53,2,4.0
1474,8,53,3,4.0
1475,8,53,4,1.0
1476,8,53,5,2.0
1477,8,54,0,2.0
1478,8,54,1,2.0
1479,8,54,2,3.0
1480,8,55,0,4.0
1481,8,55,1,4.0
1482,8,55,2,1.0
1483,8,55,3,1.0
1484,8,55,4,3.0
1485,8,55,5,1.0
1486,8,55,6,3.0
1487,8,55,7,1.0
1488,8,56,0,2.0
1489,8,56,1,2.0
1490,8,56,2,2.0
1491,8,56,3,2.0
1492,8,56,4,2.0
1493,8,56,5,2.0
1494,8,57,0,2.0
1495,8,57,1,2.0
1496,8,57,2,2.0
1497,8,57,3,2.0
1498,8,58,0,3.0
1499,8,58,1,2.0
1500,8,58,2,2.0
1501,8,58,3,2.0
1502,8,59,0,1.0
1503,8,59,1,3.0
1504,8,59,2,3.0
1505,8,59,3,3.0
1506,8,59,4,1.0
1507,8,59,5,1.0
1508,8,59,6,3.0
1509,8,59,7,3.0
1510,8,59,8,3.0
1511,8,59,9,1.0
1512,8,59,10,3.0
1513,8,59,11,3.0
1514,8,59,12,4.0
1515,8,59,13,2.0
1516,8,60,0,3.0
1517,8,60,1,3.0
1518,8,60,2,1.0
1519,8,60,3,3.0
1520,8,60,4,3.0
1521,8,60,5,2.0
1522,8,60,6,2.0
1523,8,61,0,1.0
1524,8,61,1,1.0
1525,8,61,2,2.0
1526,8,61,3,2.0
1527,9,27,0,1.0
1528,9,27,1,1.0
1529,9,27,2,4.0
1530,9,27,3,3.0
1531,9,27,4,1.0
1532,9,28,0,4.0
1533,9,28,1,4.0
1534,9,28,2,1.0
1535,9,28,3,1.0
1536,9,28,4,1.0
1537,9,29,0,2.0
1538,9,29,1,1.0
1539,9,29,2,1.0
1540,9,29,3,1.0
1541,9,29,4,1.0
1542,9,30,0,1.0
1543,9,30,1,1.0
1544,9,30,2,1.0
1545,9,30,3,1.0
1546,9,31,0,4.0
1547,9,31,1,4.0
1548,9,31,2,1.0
1549,9,31,3,1.0
1550,9,31,4,1.0
1551,9,32,0,1.0
1552,9,32,1,1.0
1553,9,32,2,2.0
1554,9,33,0,4.0
1555,9,33,1,4.0
1556,9,33,2,2.0
1557,9,33,3,2.0
1558,9,33,4,1.0
1559,9,33,5,2.0
1560,9,33,6,4.0
1561,9,34,0,4.0
1562,9,34,1,4.0
1563,9,34,2,4.0
1564,9,35,0,1.0
1565,9,35,1,1.0
1566,9,35,2,1.0
1567,9,35,3,3.0
1568,9,35,4,3.0
1569,9,36,0,1.0
1570,9,36,1,3.0
1571,9,36,2,3.0
1572,9,37,0,1.0
1573,9,37,1,3.0
1574,9,37,2,1.0
1575,9,37,3,3.0
1576,9,37,4,3.0
1577,9,37,5,3.0
1578,9,38,0,4.0
1579,9,38,1,1.0
1580,9,38,2,1.0
1581,9,38,3,4.0
1582,9,38,4,1.0
1583,9,38,5,1.0
1584,9,39,0,4.0
1585,9,39,1,3.0
1586,9,39,2,3.0
1587,9,39,3,3.0
1588,9,39,4,3.0
1589,9,39,5,3.0
1590,9,39,6,3.0
1591,9,40,0,1.0
1592,9,40,1,1.0
1593,9,40,2,3.0
1594,9,40,3,3.0
1595,9,40,4,3.0
1596,9,40,5,3.0
1597,9,41,0,3.0
1598,9,41,1,3.0
1599,9,41,2,3.0
1600,9,41,3,2.0
1601,9,41,4,2.0
1602,9,41,5,2.0
1603,9,41,6,1.0
1604,9,42,0,3.0
1605,9,42,1,3.0
1606,9,42,2,3.0
1607,9,42,3,2.0
1608,9,42,4,3.0
1609,9,42,5,3.0
1610,9,42,6,3.0
1611,9,43,0,3.0
1612,9,43,1,3.0
1613,9,43,2,3.0
1614,9,43,3,3.0
1615,9,43,4,3.0
1616,9,43,5,4.0
1617,9,44,0,4.0
1618,9,44,1,4.0
1619,9,44,2,4.0
1620,9,44,3,3.0
1621,9,44,4,4.0
1622,9,44,5,3.0
1623,9,44,6,4.0
1624,9,44,7,4.0
1625,9,44,8,4.0
1626,9,44,9,4.0
1627,9,45,0,3.0
1628,9,45,1,2.0
1629,9,45,2,2.0
1630,9,45,3,2.0
1631,9,46,0,3.0
1632,9,46,1,1.0
1633,9,46,2,1.0
1634,9,46,3,3.0
1635,9,46,4,3.0
1636,9,46,5,3.0
1637,9,47,0,3.0
1638,9,47,1,2.0
1639,9,47,2,3.0
1640,9,47,3,2.0
1641,9,48,0,3.0
1642,9,48,1,3.0
1643,9,48,2,3.0
1644,9,48,3,3.0
1645,9,48,4,3.0
1646,9,48,5,3.0
1647,9,49,0,3.0
1648,9,49,1,1.0
1649,9,49,2,4.0
1650,9,49,3,1.0
1651,9,49,4,1.0
1652,9,49,5,1.0
1653,9,50,0,4.0
1654,9,50,1,1.0
1655,9,50,2,1.0
1656,9,50,3,1.0
1657,9,50,4,4.0
1658,9,50,5,1.0
1659,9,51,0,4.0
1660,9,51,1,4.0
1661,9,51,2,4.0
1662,9,51,3,4.0
1663,9,52,0,1.0
1664,9,52,1,2.0
1665,9,52,2,1.0
1666,9,52,3,1.0
1667,9,52,4,1.0
1668,9,53,0,1.0
1669,9,53,1,1.0
1670,9,53,2,1.0
1671,9,53,3,1.0
1672,9,53,4,2.0
1673,9,53,5,1.0
1674,9,54,0,2.0
1675,9,54,1,1.0
1676,9,54,2,2.0
1677,9,55,0,4.0
1678,9,55,1,1.0
1679,9,55,2,3.0
1680,9,55,3,1.0
1681,9,55,4,2.0
1682,9,55,5,2.0
1683,9,55,6,1.0
1684,9,56,0,2.0
1685,9,56,1,2.0
1686,9,56,2,2.0
1687,9,56,3,2.0
1688,9,56,4,2.0
1689,9,56,5,2.0
1690,9,57,0,2.0
1691,9,57,1,2.0
1692,9,57,2,2.0
1693,9,57,3,2.0
1694,9,58,0,2.0
1695,9,58,1,2.0
1696,9,58,2,2.0
1697,9,59,0,1.0
1698,9,59,1,3.0
1699,9,59,2,1.0
1700,9,59,3,1.0
1701,9,59,4,1.0
1702,9,59,5,1.0
1703,9,59,6,4.0
1704,9,59,7,3.0
1705,9,59,8,2.0
1706,9,59,9,3.0
1707,9,60,0,2.0
1708,9,60,1,2.0
1709,9,60,2,2.0
1710,9,60,3,2.0
1711,9,60,4,2.0
1712,9,61,0,1.0
1713,9,61,1,2.0
1714,9,61,2,2.0
1715,9,61,3,2.0
1716,10,27,0,1.0
1717,10,27,1,1.0
1718,10,27,2,1.0
1719,10,27,3,1.0
1720,10,28,0,1.0
1721,10,28,1,4.0
1722,10,28,2,1.0
1723,10,28,3,4.0
1724,10,28,4,1.0
1725,10,29,0,1.0
1726,10,29,1,2.0
1727,10,29,2,1.0
1728,10,29,3,1.0
1729,10,29,4,4.0
1730,10,30,0,1.0
1731,10,30,1,1.0
1732,10,30,2,4.0
1733,10,30,3,1.0
1734,10,31,0,1.0
1735,10,31,1,1.0
1736,10,31,2,4.0
1737,10,31,3,1.0
1738,10,31,4,2.0
1739,10,32,0,2.0
1740,10,32,1,1.0
1741,10,32,2,1.0
1742,10,33,0,3.0
1743,10,33,1,4.0
1744,10,33,2,2.0
1745,10,33,3,2.0
1746,10,33,4,3.0
1747,10,33,5,2.0
1748,10,33,6,3.0
1749,10,34,0,1.0
1750,10,34,1,4.0
1751,10,34,2,1.0
1752,10,35,0,1.0
1753,10,35,1,1.0
1754,10,35,2,3.0
1755,10,35,3,3.0
1756,10,35,4,3.0
1757,10,36,0,2.0
1758,10,36,1,3.0
1759,10,36,2,3.0
1760,10,36,3,3.0
1761,10,37,0,1.0
1762,10,37,1,1.0
1763,10,37,2,4.0
1764,10,37,3,4.0
1765,10,37,4,4.0
1766,10,37,5,4.0
1767,10,38,0,4.0
1768,10,38,1,4.0
1769,10,38,2,4.0
1770,10,38,3,1.0
1771,10,38,4,3.0
1772,10,39,0,4.0
1773,10,39,1,3.0
1774,10,39,2,3.0
1775,10,39,3,3.0
1776,10,39,4,3.0
1777,10,39,5,2.0
1778,10,40,0,1.0
1779,10,40,1,1.0
1780,10,40,2,1.0
1781,10,40,3,1.0
1782,10,40,4,3.0
1783,10,41,0,3.0
1784,10,41,1,2.0
1785,10,41,2,2.0
1786,10,41,3,2.0
1787,10,41,4,2.0
1788,10,41,5,2.0
1789,10,41,6,3.0
1790,10,42,0,3.0
1791,10,42,1,3.0
1792,10,42,2,2.0
1793,10,42,3,3.0
1794,10,42,4,2.0
1795,10,42,5,2.0
1796,10,42,6,3.0
1797,10,43,0,1.0
1798,10,43,1,3.0
1799,10,43,2,3.0
1800,10,43,3,3.0
1801,10,43,4,2.0
1802,10,43,5,3.0
1803,10,44,0,3.0
1804,10,44,1,4.0
1805,10,44,2,4.0
1806,10,44,3,3.0
1807,10,44,4,4.0
1808,10,44,5,4.0
1809,10,44,6,4.0
1810,10,44,7,4.0
1811,10,44,8,3.0
1812,10,44,9,3.0
1813,10,45,0,3.0
1814,10,45,1,2.0
1815,10,45,2,3.0
1816,10,45,3,3.0
1817,10,46,0,1.0
1818,10,46,1,1.0
1819,10,46,2,1.0
1820,10,46,3,4.0
1821,10,46,4,3.0
1822,10,47,0,3.0
1823,10,47,1,2.0
1824,10,47,2,2.0
1825,10,48,0,4.0
1826,10,48,1,4.0
1827,10,48,2,3.0
1828,10,48,3,4.0
1829,10,48,4,3.0
1830,10,49,0,2.0
1831,10,49,1,1.0
1832,10,49,2,1.0
1833,10,49,3,1.0
1834,10,49,4,1.0
1835,10,50,0,4.0
1836,10,50,1,1.0
1837,10,50,2,4.0
1838,10,50,3,1.0
1839,10,50,4,1.0
1840,10,51,0,1.0
1841,10,51,1,1.0
1842,10,51,2,1.0
1843,10,51,3,1.0
1844,10,52,0,1.0
1845,10,52,1,1.0
1846,10,52,2,1.0
1847,10,52,3,1.0
1848,10,53,0,1.0
1849,10,53,1,1.0
1850,10,53,2,1.0
1851,10,53,3,2.0
1852,10,53,4,2.0
1853,10,54,0,2.0
1854,10,54,1,2.0
1855,10,54,2,2.0
1856,10,55,0,1.0
1857,10,55,1,1.0
1858,10,55,2,1.0
1859,10,55,3,1.0
1860,10,55,4,3.0
1861,10,55,5,2.0
1862,10,55,6,1.0
1863,10,56,0,2.0
1864,10,56,1,2.0
1865,10,56,2,2.0
1866,10,56,3,1.0
1867,10,56,4,2.0
1868,10,56,5,2.0
1869,10,57,0,2.0
1870,10,57,1,2.0
1871,10,57,2,2.0
1872,10,57,3,2.0
1873,10,58,0,1.0
1874,10,58,1,2.0
1875,10,58,2,2.0
1876,10,59,0,1.0
1877,10,59,1,1.0
1878,10,59,2,1.0
1879,10,59,3,4.0
1880,10,59,4,1.0
1881,10,59,5,1.0
1882,10,59,6,1.0
1883,10,59,7,3.0
1884,10,59,8,3.0
1885,10,59,9,3.0
1886,10,59,10,3.0
1887,10,59,11,1.0
1888,10,60,0,1.0
1889,10,60,1,2.0
1890,10,60,2,4.0
1891,10,60,3,2.0
1892,10,60,4,2.0
1893,10,60,5,2.0
1894,10,61,0,2.0
1895,10,61,1,1.0
1896,10,61,2,1.0
1897,10,61,3,1.0
1898,11,27,0,1.0
1899,11,27,1,1.0
1900,11,27,2,1.0
1901,11,27,3,1.0
1902,11,27,4,4.0
1903,11,28,0,1.0
1904,11,28,1,4.0
1905,11,28,2,1.0
1906,11,28,3,4.0
1907,11,28,4,4.0
1908,11,29,0,1.0
1909,11,29,1,2.0
1910,11,29,2,1.0
1911,11,29,3,1.0
1912,11,29,4,1.0
1913,11,30,0,1.0
1914,11,30,1,1.0
1915,11,30,2,1.0
1916,11,30,3,4.0
1917,11,31,0,1.0
1918,11,31,1,1.0
1919,11,31,2,1.0
1920,11,31,3,1.0
1921,11,31,4,1.0
1922,11,32,0,2.0
1923,11,32,1,1.0
1924,11,32,2,1.0
1925,11,33,0,4.0
1926,11,33,1,1.0
1927,11,33,2,2.0
1928,11,33,3,2.0
1929,11,33,4,1.0
1930,11,33,5,3.0
1931,11,33,6,2.0
1932,11,34,0,4.0
1933,11,34,1,1.0
1934,11,34,2,4.0
1935,11,35,0,4.0
1936,11,35,1,1.0
1937,11,35,2,3.0
1938,11,35,3,3.0
1939,11,35,4,3.0
1940,11,36,0,3.0
1941,11,36,1,3.0
1942,11,36,2,3.0
1943,11,37,0,4.0
1944,11,37,1,2.0
1945,11,37,2,1.0
1946,11,37,3,1.0
1947,11,37,4,3.0
1948,11,37,5,1.0
1949,11,38,0,3.0
1950,11,38,1,4.0
1951,11,38,2,1.0
1952,11,38,3,4.0
1953,11,38,4,1.0
1954,11,39,0,1.0
1955,11,39,1,3.0
1956,11,39,2,3.0
1957,11,39,3,2.0
1958,11,39,4,3.0
1959,11,39,5,3.0
1960,11,40,0,4.0
1961,11,40,1,1.0
1962,11,40,2,1.0
1963,11,40,3,1.0
1964,11,40,4,3.0
1965,11,40,5,3.0
1966,11,41,0,4.0
1967,11,41,1,3.0
1968,11,41,2,3.0
1969,11,41,3,3.0
1970,11,41,4,2.0
1971,11,41,5,1.0
1972,11,41,6,4.0
1973,11,42,0,2.0
1974,11,42,1,3.0
1975,11,42,2,2.0
1976,11,42,3,3.0
1977,11,42,4,3.0
1978,11,42,5,3.0
1979,11,43,0,3.0
1980,11,43,1,3.0
1981,11,43,2,3.0
1982,11,43,3,3.0
1983,11,43,4,3.0
1984,11,43,5,4.0
1985,11,44,0,4.0
1986,11,44,1,4.0
1987,11,44,2,4.0
1988,11,44,3,4.0
1989,11,44,4,4.0
1990,11,44,5,4.0
1991,11,44,6,3.0
1992,11,44,7,4.0
1993,11,44,8,4.0
1994,11,45,0,2.0
1995,11,45,1,2.0
1996,11,45,2,2.0
1997,11,45,3,2.0
1998,11,46,0,3.0
1999,11,46,1,1.0
2000,11,46,2,2.0
2001,11,46,3,3.0
2002,11,46,4,3.0
2003,11,46,5,3.0
2004,11,46,6,3.0
2005,11,47,0,3.0
2006,11,47,1,3.0
2007,11,47,2,2.0
2008,11,47,3,1.0
2009,11,48,0,3.0
2010,11,48,1,4.0
2011,11,48,2,3.0
2012,11,48,3,3.0
2013,11,48,4,3.0
2014,11,49,0,1.0
2015,11,49,1,1.0
2016,11,49,2,1.0
2017,11,49,3,1.0
2018,11,49,4,1.0
2019,11,49,5,1.0
2020,11,50,0,2.0
2021,11,50,1,1.0
2022,11,50,2,1.0
2023,11,50,3,4.0
2024,11,50,4,4.0
2025,11,50,5,1.0
2026,11,51,0,1.0
2027,11,51,1,1.0
2028,11,51,2,1.0
2029,11,51,3,4.0
2030,11,52,0,4.0
2031,11,52,1,1.0
2032,11,52,2,1.0
2033,11,52,3,1.0
2034,11,53,0,4.0
2035,11,53,1,3.0
2036,11,53,2,3.0
2037,11,53,3,3.0
2038,11,53,4,2.0
2039,11,53,5,2.0
2040,11,54,0,2.0
2041,11,54,1,1.0
2042,11,54,2,2.0
2043,11,55,0,1.0
2044,11,55,1,2.0
2045,11,55,2,1.0
2046,11,55,3,1.0
2047,11,55,4,1.0
2048,11,55,5,2.0
2049,11,55,6,4.0
2050,11,55,7,1.0
2051,11,56,0,2.0
2052,11,56,1,2.0
2053,11,56,2,2.0
2054,11,56,3,2.0
2055,11,56,4,2.0
2056,11,56,5,2.0
2057,11,57,0,2.0
2058,11,57,1,1.0
2059,11,57,2,2.0
2060,11,57,3,2.0
2061,11,58,0,3.0
2062,11,58,1,2.0
2063,11,58,2,2.0
2064,11,59,0,1.0
2065,11,59,1,1.0
2066,11,59,2,1.0
2067,11,59,3,4.0
2068,11,59,4,3.0
2069,11,59,5,1.0
2070,11,59,6,3.0
2071,11,59,7,2.0
2072,11,59,8,4.0
2073,11,59,9,2.0
2074,11,59,10,1.0
2075,11,60,0,3.0
2076,11,60,1,2.0
2077,11,60,2,1.0
2078,11,60,3,2.0
2079,11,60,4,1.0
2080,11,60,5,1.0
2081,11,61,0,1.0
2082,11,61,1,2.0
2083,11,61,2,1.0
2084,11,61,3,1.0
